name,aadhaar,predicted_eligibility
Arthur Morgan,541542775256,False
Megan Rice,236695590236,False
Cassidy Carroll,332388263295,False
Brian Conley,801529986822,True
Ana Cole,416418731620,False
Jonathan Martin,303289588961,False
Richard Bradley,741365975183,False
Robyn Wise,334042253572,False
Regina Salas,960984368349,False
Ashley Marsh,125925279422,False
Angel Larson,678146515225,False
David Patel,971658871053,True
John Decker,953714784115,False
Katherine Davis,927793742624,False
Caitlin Hall,152647270632,True
Jessica Shaw,687259425099,True
Paul Long,289137242546,False
Jason Martinez,950488464262,False
Andrew Glenn,677415229033,False
Kelly Jones,659350042404,False
Jerry Fitzgerald,234248112453,False
Jeffrey Gray,837941201020,False
Matthew Carey,936441179989,False
Linda Cole,600018137027,False
Lindsay Sutton,645083108126,False
Steven Craig,419941035168,False
Jessica Thompson,207493133655,False
Jacob Santos,503408331882,True
Tim Obrien,382280758085,False
Jaime Pitts,537297783311,False
Matthew Ward,932041997951,False
Christopher Davis,743066059192,False
Jennifer Perez,806809207929,False
Parker Flores,613946415779,False
Margaret Ramos,359395883181,False
Jordan Anderson,387976124437,True
Mary Castro,126234099804,True
Trevor Parker,532735011869,False
Miss Julie Hayes,153612333107,False
Carlos Perez,717638492263,False
Kristi Haney,852897320091,False
Samuel Foster,633894831574,False
Amber Sanchez,941457406172,True
Alexander Ortiz,278652454387,False
Craig Hernandez,786462430120,False
Faith Mooney,496385007517,False
Margaret Webb,521883403685,True
Kevin Freeman,269896154469,False
Nicole Ward,355672856327,False
Kim Greene,735637948782,False
Ryan Kim,881598887446,False
Daniel Jackson,593687234515,False
David Dorsey,355783546450,False
Todd Ellis,531654742086,False
Gary Ramirez,312797875276,True
Daniel Patterson,256186215987,False
Natalie Chambers,662955594690,False
Justin Schneider,262020416144,False
Dana Thompson,236635318617,False
Benjamin Parrish,898841901116,False
Mary Mcdowell,192087779300,True
Morgan Hines,897132292064,False
Mrs. Julie Wilson,238495858276,False
Julie Long,914931484629,False
Margaret White,840887521822,False
Jacob Lopez,705927250973,False
Steven Shields,530566666128,False
Mr. Stephen Harris,432836920547,False
Michael Ruiz,643853058184,False
Rebecca Brooks,223109786444,False
Spencer Owen,825731212473,False
Mrs. Megan Mcguire MD,215413138718,False
Lisa Moss,290014020698,False
Timothy Moss,996007862561,False
Heidi Marshall,418579631843,False
Marc Johnson,845991657985,False
Amanda Mitchell,577089008042,False
Ronald Smith DVM,586955056302,False
David Martin,159397380497,False
Joshua Brown,463749032310,False
Connor Dodson,374519502419,False
Jean Wheeler,521678621451,True
Anthony Murphy DVM,442899051729,False
Jennifer Turner DDS,563532367856,False
Erin Rice,673487664682,True
Jonathan Cervantes,913922158910,False
Carla Reed DDS,688611183329,True
Angela Stewart,647889975537,True
Joshua Fisher,963469740467,False
Michael Nichols,610257752981,False
Mr. Steven Dawson,166601187599,False
James Hamilton,448616037061,False
Robert Garcia,110078111402,False
Joseph Rowland,435313629794,False
Robert Wilcox,474246186553,False
Caitlin Villarreal,806196293140,True
Thomas Edwards,820319526012,False
Robert Watkins,237817162120,False
Steven Martin,369422456306,False
Jason Cruz,512271893397,False
